{"cameraMode":{"drawMode":0,"name":"Shaded","section":"Shading Mode"},"sceneLighting":false,"audioPlay":false,"sceneViewState":{"showFog":true,"showMaterialUpdate":false,"showSkybox":true,"showFlares":true,"showImageEffects":true,"showParticleSystems":true},"in2DMode":false,"pivot":{"x":0.43284791707992556,"y":-17.77248764038086,"z":52.31180191040039},"rotation":{"x":0.6543842554092407,"y":0.07669229060411453,"z":-0.06697969138622284,"w":0.7492755651473999},"size":61.650211334228519,"orthographic":false}