{"cameraMode":{"drawMode":0,"name":"Shaded","section":"Shading Mode"},"sceneLighting":false,"audioPlay":false,"sceneViewState":{"showFog":true,"showMaterialUpdate":false,"showSkybox":false,"showFlares":true,"showImageEffects":true,"showParticleSystems":true},"in2DMode":false,"pivot":{"x":-0.15387649834156037,"y":1.185750961303711,"z":1.0092254877090455},"rotation":{"x":0.0081901540979743,"y":-0.7948611378669739,"z":0.010731279850006104,"w":0.6066412329673767},"size":1.173083782196045,"orthographic":false}