{"cameraMode":{"drawMode":0,"name":"Shaded","section":"Shading Mode"},"sceneLighting":true,"audioPlay":false,"sceneViewState":{"showFog":true,"showMaterialUpdate":false,"showSkybox":true,"showFlares":true,"showImageEffects":true,"showParticleSystems":true},"in2DMode":false,"pivot":{"x":1.1655327081680298,"y":4.519409656524658,"z":30.82111167907715},"rotation":{"x":0.032193176448345187,"y":-0.5637168288230896,"z":0.021996110677719117,"w":0.8250475525856018},"size":7.633284568786621,"orthographic":false}