{"cameraMode":{"drawMode":0,"name":"Shaded","section":"Shading Mode"},"sceneLighting":false,"audioPlay":false,"sceneViewState":{"showFog":true,"showMaterialUpdate":false,"showSkybox":true,"showFlares":true,"showImageEffects":true,"showParticleSystems":true},"in2DMode":false,"pivot":{"x":785.31298828125,"y":405.2620544433594,"z":0.53302001953125},"rotation":{"x":-0.0018095240229740739,"y":0.005097418557852507,"z":-0.000009146703632723074,"w":-0.9999865293502808},"size":370.0962829589844,"orthographic":false}