{"cameraMode":{"drawMode":0,"name":"Shaded","section":"Shading Mode"},"sceneLighting":true,"audioPlay":false,"sceneViewState":{"showFog":true,"showMaterialUpdate":false,"showSkybox":true,"showFlares":true,"showImageEffects":true,"showParticleSystems":true},"in2DMode":false,"pivot":{"x":-0.5162858366966248,"y":3.1751010417938234,"z":31.44972038269043},"rotation":{"x":-0.009354772046208382,"y":0.626254141330719,"z":-0.007515433710068464,"w":-0.7795271873474121},"size":3.055459976196289,"orthographic":false}