{"cameraMode":{"drawMode":0,"name":"Shaded","section":"Shading Mode"},"sceneLighting":false,"audioPlay":false,"sceneViewState":{"showFog":true,"showMaterialUpdate":false,"showSkybox":true,"showFlares":true,"showImageEffects":true,"showParticleSystems":true},"in2DMode":false,"pivot":{"x":0.8039352893829346,"y":1.4933109283447266,"z":-10.655628204345704},"rotation":{"x":0.00009749692253535613,"y":0.9474104046821594,"z":-0.32008278369903567,"w":0.0002830043958965689},"size":6.87606954574585,"orthographic":false}