{"cameraMode":{"drawMode":0,"name":"Shaded","section":"Shading Mode"},"sceneLighting":true,"audioPlay":false,"sceneViewState":{"showFog":true,"showMaterialUpdate":false,"showSkybox":true,"showFlares":true,"showImageEffects":true,"showParticleSystems":true},"in2DMode":false,"pivot":{"x":376.17047119140627,"y":-265.3066711425781,"z":193.07363891601563},"rotation":{"x":0.00009749692253535613,"y":0.9474104046821594,"z":-0.32008278369903567,"w":0.0002830043958965689},"size":814.6905517578125,"orthographic":false}