{"cameraMode":{"drawMode":0,"name":"Shaded","section":"Shading Mode"},"sceneLighting":true,"audioPlay":false,"sceneViewState":{"showFog":true,"showMaterialUpdate":false,"showSkybox":true,"showFlares":true,"showImageEffects":true,"showParticleSystems":true},"in2DMode":false,"pivot":{"x":-41.87887191772461,"y":-0.05649983882904053,"z":4.655405044555664},"rotation":{"x":0.18168765306472779,"y":0.20685064792633058,"z":-0.03899816423654556,"w":0.9606448411941528},"size":4.205276966094971,"orthographic":false}