{"cameraMode":{"drawMode":0,"name":"Shaded","section":"Shading Mode"},"sceneLighting":true,"audioPlay":false,"sceneViewState":{"showFog":true,"showMaterialUpdate":false,"showSkybox":true,"showFlares":true,"showImageEffects":true,"showParticleSystems":true},"in2DMode":false,"pivot":{"x":238.68368530273438,"y":-287.2010803222656,"z":209.6918182373047},"rotation":{"x":0.00009749692253535613,"y":0.9474104046821594,"z":-0.32008278369903567,"w":0.0002830043958965689},"size":801.8563842773438,"orthographic":false}