{"cameraMode":{"drawMode":0,"name":"Shaded","section":"Shading Mode"},"sceneLighting":true,"audioPlay":false,"sceneViewState":{"showFog":true,"showMaterialUpdate":false,"showSkybox":true,"showFlares":true,"showImageEffects":true,"showParticleSystems":true},"in2DMode":false,"pivot":{"x":445.1174621582031,"y":84.05030822753906,"z":681.4398803710938},"rotation":{"x":-0.017026705667376519,"y":0.9469993114471436,"z":-0.3167818486690521,"w":-0.05090383440256119},"size":235.13108825683595,"orthographic":false}