{"cameraMode":{"drawMode":0,"name":"Shaded","section":"Shading Mode"},"sceneLighting":false,"audioPlay":false,"sceneViewState":{"showFog":true,"showMaterialUpdate":false,"showSkybox":false,"showFlares":true,"showImageEffects":true,"showParticleSystems":true},"in2DMode":false,"pivot":{"x":-3.7740302085876467,"y":1.2100000381469727,"z":-3.741328239440918},"rotation":{"x":0.046469222754240039,"y":0.024572378024458886,"z":-0.0011434699408710003,"w":0.9986174702644348},"size":1.0307763814926148,"orthographic":false}