{"cameraMode":{"drawMode":0,"name":"Shaded","section":"Shading Mode"},"sceneLighting":false,"audioPlay":false,"sceneViewState":{"showFog":true,"showMaterialUpdate":false,"showSkybox":false,"showFlares":true,"showImageEffects":true,"showParticleSystems":true},"in2DMode":false,"pivot":{"x":-55.350257873535159,"y":7.056142330169678,"z":40.494606018066409},"rotation":{"x":0.009061404503881932,"y":-0.8355830311775208,"z":0.013788281939923764,"w":0.5491185188293457},"size":5.914372444152832,"orthographic":false}