{"cameraMode":{"drawMode":0,"name":"Shaded","section":"Shading Mode"},"sceneLighting":true,"audioPlay":false,"sceneViewState":{"showFog":true,"showMaterialUpdate":false,"showSkybox":true,"showFlares":true,"showImageEffects":true,"showParticleSystems":true},"in2DMode":false,"pivot":{"x":-13.759027481079102,"y":3.6747889518737795,"z":37.72320556640625},"rotation":{"x":0.15393252670764924,"y":-0.5446391105651856,"z":0.10248766839504242,"w":0.8180292844772339},"size":33.316001892089847,"orthographic":false}