{"cameraMode":{"drawMode":0,"name":"Shaded","section":"Shading Mode"},"sceneLighting":true,"audioPlay":false,"sceneViewState":{"showFog":true,"showMaterialUpdate":false,"showSkybox":true,"showFlares":true,"showImageEffects":true,"showParticleSystems":true},"in2DMode":false,"pivot":{"x":72.45999908447266,"y":4.1479997634887699,"z":346.5799865722656},"rotation":{"x":-0.04844094440340996,"y":0.727067768573761,"z":-0.05157484486699104,"w":-0.6830461025238037},"size":9.841032981872559,"orthographic":false}