{"cameraMode":{"drawMode":0,"name":"Shaded","section":"Shading Mode"},"sceneLighting":true,"audioPlay":false,"sceneViewState":{"showFog":true,"showMaterialUpdate":false,"showSkybox":true,"showFlares":true,"showImageEffects":true,"showParticleSystems":true},"in2DMode":false,"pivot":{"x":0.1151527464389801,"y":1.464166522026062,"z":34.722625732421878},"rotation":{"x":0.1241920217871666,"y":0.21287107467651368,"z":-0.0272890143096447,"w":0.9687706828117371},"size":2.9071104526519777,"orthographic":false}