{"cameraMode":{"drawMode":0,"name":"Shaded","section":"Shading Mode"},"sceneLighting":false,"audioPlay":false,"sceneViewState":{"showFog":true,"showMaterialUpdate":false,"showSkybox":false,"showFlares":true,"showImageEffects":true,"showParticleSystems":true},"in2DMode":false,"pivot":{"x":498.32257080078127,"y":-1060.0999755859375,"z":0.0},"rotation":{"x":0.0697658509016037,"y":0.046369560062885287,"z":-0.0032462230883538725,"w":0.9964807629585266},"size":1352.44384765625,"orthographic":false}