{"cameraMode":{"drawMode":0,"name":"Shaded","section":"Shading Mode"},"sceneLighting":true,"audioPlay":false,"sceneViewState":{"showFog":true,"showMaterialUpdate":false,"showSkybox":true,"showFlares":true,"showImageEffects":true,"showParticleSystems":true},"in2DMode":false,"pivot":{"x":57.723941802978519,"y":16.42569351196289,"z":143.31822204589845},"rotation":{"x":0.14228269457817079,"y":-0.12878315150737763,"z":0.018674015998840333,"w":0.9812353849411011},"size":5.732017993927002,"orthographic":false}