{"cameraMode":{"drawMode":0,"name":"Shaded","section":"Shading Mode"},"sceneLighting":true,"audioPlay":false,"sceneViewState":{"showFog":true,"showMaterialUpdate":false,"showSkybox":true,"showFlares":true,"showImageEffects":true,"showParticleSystems":true},"in2DMode":false,"pivot":{"x":65.1289291381836,"y":5.0900187492370609,"z":368.961181640625},"rotation":{"x":-0.07676555961370468,"y":0.3711279332637787,"z":-0.030803199857473375,"w":-0.924892008304596},"size":12.425596237182618,"orthographic":false}