{"cameraMode":{"drawMode":0,"name":"Shaded","section":"Shading Mode"},"sceneLighting":false,"audioPlay":false,"sceneViewState":{"showFog":true,"showMaterialUpdate":false,"showSkybox":false,"showFlares":true,"showImageEffects":true,"showParticleSystems":true},"in2DMode":false,"pivot":{"x":2.3842639923095705,"y":3.378873348236084,"z":18.514738082885743},"rotation":{"x":0.042180974036455157,"y":-0.6710543632507324,"z":0.03829166665673256,"w":0.7392181158065796},"size":1.3424006700515748,"orthographic":false}