{"cameraMode":{"drawMode":0,"name":"Shaded","section":"Shading Mode"},"sceneLighting":true,"audioPlay":false,"sceneViewState":{"showFog":true,"showMaterialUpdate":false,"showSkybox":true,"showFlares":true,"showImageEffects":true,"showParticleSystems":true},"in2DMode":false,"pivot":{"x":-23.100122451782228,"y":3.1763482093811037,"z":-5.556301116943359},"rotation":{"x":-0.043643929064273837,"y":0.9561174511909485,"z":-0.1936250925064087,"w":-0.2155129313468933},"size":22.664703369140626,"orthographic":false}