{"cameraMode":{"drawMode":0,"name":"Shaded","section":"Shading Mode"},"sceneLighting":false,"audioPlay":false,"sceneViewState":{"showFog":true,"showMaterialUpdate":false,"showSkybox":false,"showFlares":true,"showImageEffects":true,"showParticleSystems":true},"in2DMode":false,"pivot":{"x":0.4760569930076599,"y":1.0100613832473755,"z":37.735382080078128},"rotation":{"x":-0.1526891440153122,"y":0.32314059138298037,"z":-0.052914250642061236,"w":-0.932452380657196},"size":2.1434144973754885,"orthographic":false}