{"cameraMode":{"drawMode":0,"name":"Shaded","section":"Shading Mode"},"sceneLighting":false,"audioPlay":false,"sceneViewState":{"showFog":true,"showMaterialUpdate":false,"showSkybox":false,"showFlares":true,"showImageEffects":true,"showParticleSystems":true},"in2DMode":false,"pivot":{"x":8.950244903564454,"y":0.15096378326416017,"z":3.3900208473205568},"rotation":{"x":-0.15693733096122743,"y":0.7236087322235107,"z":-0.1750415861606598,"w":-0.6489750742912293},"size":6.49883508682251,"orthographic":false}