{"cameraMode":{"drawMode":0,"name":"Shaded","section":"Shading Mode"},"sceneLighting":true,"audioPlay":false,"sceneViewState":{"showFog":true,"showMaterialUpdate":false,"showSkybox":true,"showFlares":true,"showImageEffects":true,"showParticleSystems":true},"in2DMode":false,"pivot":{"x":-41.34999465942383,"y":12.732185363769532,"z":-15.726913452148438},"rotation":{"x":0.13165229558944703,"y":-0.30655062198638918,"z":0.04285508021712303,"w":0.9417329430580139},"size":34.148475646972659,"orthographic":false}