{"cameraMode":{"drawMode":0,"name":"Shaded","section":"Shading Mode"},"sceneLighting":true,"audioPlay":false,"sceneViewState":{"showFog":true,"showMaterialUpdate":false,"showSkybox":true,"showFlares":true,"showImageEffects":true,"showParticleSystems":true},"in2DMode":false,"pivot":{"x":63.11000061035156,"y":4.443916320800781,"z":376.6300048828125},"rotation":{"x":-0.06385941803455353,"y":0.3768393099308014,"z":-0.0260008592158556,"w":-0.9237673878669739},"size":22.19069480895996,"orthographic":false}