{"cameraMode":{"drawMode":0,"name":"Shaded","section":"Shading Mode"},"sceneLighting":true,"audioPlay":false,"sceneViewState":{"showFog":true,"showMaterialUpdate":false,"showSkybox":true,"showFlares":true,"showImageEffects":true,"showParticleSystems":true},"in2DMode":false,"pivot":{"x":2.0507869720458986,"y":3.727059841156006,"z":-3.570827007293701},"rotation":{"x":0.05672520026564598,"y":-0.625571608543396,"z":0.04568395018577576,"w":0.7767618894577026},"size":13.85993480682373,"orthographic":false}