{"cameraMode":{"drawMode":0,"name":"Shaded","section":"Shading Mode"},"sceneLighting":false,"audioPlay":false,"sceneViewState":{"showFog":true,"showMaterialUpdate":false,"showSkybox":true,"showFlares":true,"showImageEffects":true,"showParticleSystems":true},"in2DMode":false,"pivot":{"x":-57.669654846191409,"y":38.54759216308594,"z":6.625843048095703},"rotation":{"x":-0.0567261166870594,"y":-0.09211694449186325,"z":-0.005256381817162037,"w":0.9941173195838928},"size":49.51312255859375,"orthographic":false}