{"cameraMode":{"drawMode":0,"name":"Shaded","section":"Shading Mode"},"sceneLighting":false,"audioPlay":false,"sceneViewState":{"showFog":true,"showMaterialUpdate":false,"showSkybox":true,"showFlares":true,"showImageEffects":true,"showParticleSystems":true},"in2DMode":false,"pivot":{"x":-23.053592681884767,"y":0.47214269638061526,"z":3.551492214202881},"rotation":{"x":0.1341625303030014,"y":0.5750629901885986,"z":-0.09628693014383316,"w":0.8012688159942627},"size":5.317409038543701,"orthographic":false}