{"cameraMode":{"drawMode":0,"name":"Shaded","section":"Shading Mode"},"sceneLighting":false,"audioPlay":false,"sceneViewState":{"showFog":true,"showMaterialUpdate":false,"showSkybox":true,"showFlares":true,"showImageEffects":true,"showParticleSystems":true},"in2DMode":false,"pivot":{"x":91.3467025756836,"y":7.255100727081299,"z":120.94215393066406},"rotation":{"x":0.30817946791648867,"y":0.45672929286956789,"z":-0.17238254845142365,"w":0.8165222406387329},"size":55.929039001464847,"orthographic":false}