{"cameraMode":{"drawMode":0,"name":"Shaded","section":"Shading Mode"},"sceneLighting":false,"audioPlay":false,"sceneViewState":{"showFog":true,"showMaterialUpdate":false,"showSkybox":true,"showFlares":true,"showImageEffects":true,"showParticleSystems":true},"in2DMode":false,"pivot":{"x":-16.547143936157228,"y":14.197010040283204,"z":9.388321876525879},"rotation":{"x":0.2031954824924469,"y":0.500723123550415,"z":-0.12221591174602509,"w":0.8324971795082092},"size":2.107970714569092,"orthographic":false}