{"cameraMode":{"drawMode":0,"name":"Shaded","section":"Shading Mode"},"sceneLighting":false,"audioPlay":false,"sceneViewState":{"showFog":true,"showMaterialUpdate":false,"showSkybox":true,"showFlares":true,"showImageEffects":true,"showParticleSystems":true},"in2DMode":false,"pivot":{"x":-11.950052261352539,"y":2.130605697631836,"z":-4.255747318267822},"rotation":{"x":0.14615578949451447,"y":-0.35842663049697878,"z":0.05692368373274803,"w":0.9202873706817627},"size":13.05798625946045,"orthographic":false}