{"cameraMode":{"drawMode":0,"name":"Shaded","section":"Shading Mode"},"sceneLighting":false,"audioPlay":false,"sceneViewState":{"showFog":true,"showMaterialUpdate":false,"showSkybox":true,"showFlares":true,"showImageEffects":true,"showParticleSystems":true},"in2DMode":false,"pivot":{"x":58.03616714477539,"y":1.5913639068603516,"z":362.36932373046877},"rotation":{"x":0.24990977346897126,"y":-0.5279709100723267,"z":0.16621755063533784,"w":0.7945762872695923},"size":29.257936477661134,"orthographic":false}