{"cameraMode":{"drawMode":0,"name":"Shaded","section":"Shading Mode"},"sceneLighting":true,"audioPlay":false,"sceneViewState":{"showFog":true,"showMaterialUpdate":false,"showSkybox":false,"showFlares":true,"showImageEffects":true,"showParticleSystems":true},"in2DMode":false,"pivot":{"x":-0.0918731689453125,"y":0.38732194900512698,"z":-0.038594722747802737},"rotation":{"x":0.15775538980960847,"y":0.24315306544303895,"z":-0.040113065391778949,"w":0.9562444090843201},"size":2.577188730239868,"orthographic":false}