{"cameraMode":{"drawMode":0,"name":"Shaded","section":"Shading Mode"},"sceneLighting":true,"audioPlay":false,"sceneViewState":{"showFog":true,"showMaterialUpdate":false,"showSkybox":true,"showFlares":true,"showImageEffects":true,"showParticleSystems":true},"in2DMode":false,"pivot":{"x":-52.10353088378906,"y":-20.285903930664064,"z":23.730091094970704},"rotation":{"x":-0.10814361274242401,"y":0.16090644896030427,"z":-0.017740489915013315,"w":-0.9808663129806519},"size":115.93334197998047,"orthographic":false}