{"cameraMode":{"drawMode":0,"name":"Shaded","section":"Shading Mode"},"sceneLighting":false,"audioPlay":false,"sceneViewState":{"showFog":true,"showMaterialUpdate":false,"showSkybox":false,"showFlares":true,"showImageEffects":true,"showParticleSystems":true},"in2DMode":false,"pivot":{"x":-3.7740302085876467,"y":1.2100000381469727,"z":-3.741328239440918},"rotation":{"x":0.36694270372390749,"y":-0.02790115773677826,"z":0.011011587455868721,"w":0.9297596216201782},"size":1.0307763814926148,"orthographic":true}