{"cameraMode":{"drawMode":0,"name":"Shaded","section":"Shading Mode"},"sceneLighting":false,"audioPlay":false,"sceneViewState":{"showFog":true,"showMaterialUpdate":false,"showSkybox":true,"showFlares":true,"showImageEffects":true,"showParticleSystems":true},"in2DMode":false,"pivot":{"x":62.088279724121097,"y":16.604633331298829,"z":150.45713806152345},"rotation":{"x":-0.18886198103427888,"y":-0.7992035150527954,"z":0.31876662373542788,"w":-0.4736084043979645},"size":4.0417704582214359,"orthographic":false}