{"cameraMode":{"drawMode":0,"name":"Shaded","section":"Shading Mode"},"sceneLighting":true,"audioPlay":false,"sceneViewState":{"showFog":true,"showMaterialUpdate":false,"showSkybox":true,"showFlares":true,"showImageEffects":true,"showParticleSystems":true},"in2DMode":false,"pivot":{"x":145.05764770507813,"y":-79.7603530883789,"z":34.09020233154297},"rotation":{"x":0.11886589229106903,"y":0.7512325048446655,"z":-0.14089520275592805,"w":0.6337775588035584},"size":237.47315979003907,"orthographic":true}