{"cameraMode":{"drawMode":0,"name":"Shaded","section":"Shading Mode"},"sceneLighting":false,"audioPlay":false,"sceneViewState":{"showFog":true,"showMaterialUpdate":false,"showSkybox":true,"showFlares":true,"showImageEffects":true,"showParticleSystems":true},"in2DMode":false,"pivot":{"x":62.180294036865237,"y":-10.945727348327637,"z":108.42300415039063},"rotation":{"x":0.4250873029232025,"y":-0.23074977099895478,"z":0.11296293884515763,"w":0.8679768443107605},"size":35.09907150268555,"orthographic":false}