{"cameraMode":{"drawMode":0,"name":"Shaded","section":"Shading Mode"},"sceneLighting":false,"audioPlay":false,"sceneViewState":{"showFog":true,"showMaterialUpdate":false,"showSkybox":false,"showFlares":true,"showImageEffects":true,"showParticleSystems":true},"in2DMode":false,"pivot":{"x":0.02758064866065979,"y":0.80019211769104,"z":0.3506464660167694},"rotation":{"x":-0.00045294585288502276,"y":-0.6050706505775452,"z":-0.000396916177123785,"w":0.7962310314178467},"size":1.750706672668457,"orthographic":false}