{"cameraMode":{"drawMode":0,"name":"Shaded","section":"Shading Mode"},"sceneLighting":false,"audioPlay":false,"sceneViewState":{"showFog":true,"showMaterialUpdate":false,"showSkybox":false,"showFlares":true,"showImageEffects":true,"showParticleSystems":true},"in2DMode":false,"pivot":{"x":-15.142579078674317,"y":-0.5575520992279053,"z":-51.41877365112305},"rotation":{"x":-0.00045294585288502276,"y":-0.6050706505775452,"z":-0.000396916177123785,"w":0.7962310314178467},"size":1.7730212211608887,"orthographic":false}