{"cameraMode":{"drawMode":0,"name":"Shaded","section":"Shading Mode"},"sceneLighting":false,"audioPlay":false,"sceneViewState":{"showFog":true,"showMaterialUpdate":false,"showSkybox":true,"showFlares":true,"showImageEffects":true,"showParticleSystems":true},"in2DMode":false,"pivot":{"x":151.85508728027345,"y":3.750164270401001,"z":335.19378662109377},"rotation":{"x":0.1327172815799713,"y":0.2186853438615799,"z":-0.030075784772634507,"w":0.9663110971450806},"size":8.556758880615235,"orthographic":false}