{"cameraMode":{"drawMode":0,"name":"Shaded","section":"Shading Mode"},"sceneLighting":true,"audioPlay":false,"sceneViewState":{"showFog":true,"showMaterialUpdate":false,"showSkybox":true,"showFlares":true,"showImageEffects":true,"showParticleSystems":true},"in2DMode":false,"pivot":{"x":-21.04932975769043,"y":1.188528299331665,"z":3.79203462600708},"rotation":{"x":0.10216552764177323,"y":0.6206709146499634,"z":-0.08202748745679856,"w":0.773047149181366},"size":1.3255242109298707,"orthographic":true}