{"cameraMode":{"drawMode":0,"name":"Shaded","section":"Shading Mode"},"sceneLighting":false,"audioPlay":false,"sceneViewState":{"showFog":true,"showMaterialUpdate":false,"showSkybox":false,"showFlares":true,"showImageEffects":true,"showParticleSystems":true},"in2DMode":false,"pivot":{"x":-0.01403665542602539,"y":-0.5830008387565613,"z":-1.824208378791809},"rotation":{"x":0.36694270372390749,"y":-0.02790115773677826,"z":0.011011587455868721,"w":0.9297596216201782},"size":1.4653176069259644,"orthographic":true}