{"cameraMode":{"drawMode":0,"name":"Shaded","section":"Shading Mode"},"sceneLighting":false,"audioPlay":false,"sceneViewState":{"showFog":true,"showMaterialUpdate":false,"showSkybox":true,"showFlares":true,"showImageEffects":true,"showParticleSystems":true},"in2DMode":false,"pivot":{"x":98.95381164550781,"y":1.589491844177246,"z":130.0272216796875},"rotation":{"x":-0.12540817260742188,"y":-0.86885666847229,"z":0.38806453347206118,"w":-0.28121429681777956},"size":148.5337371826172,"orthographic":false}