{"cameraMode":{"drawMode":0,"name":"Shaded","section":"Shading Mode"},"sceneLighting":false,"audioPlay":false,"sceneViewState":{"showFog":true,"showMaterialUpdate":false,"showSkybox":false,"showFlares":true,"showImageEffects":true,"showParticleSystems":true},"in2DMode":false,"pivot":{"x":-1.6330556869506837,"y":0.22977957129478455,"z":0.13057783246040345},"rotation":{"x":0.2561360001564026,"y":-0.09871276468038559,"z":0.02625458873808384,"w":0.9612754583358765},"size":1.5186760425567628,"orthographic":false}