{"cameraMode":{"drawMode":0,"name":"Shaded","section":"Shading Mode"},"sceneLighting":false,"audioPlay":false,"sceneViewState":{"showFog":true,"showMaterialUpdate":false,"showSkybox":false,"showFlares":true,"showImageEffects":true,"showParticleSystems":true},"in2DMode":false,"pivot":{"x":-4.90018892288208,"y":0.9083942174911499,"z":3.1639904975891115},"rotation":{"x":0.36694270372390749,"y":-0.02790115773677826,"z":0.011011587455868721,"w":0.9297596216201782},"size":1.6587576866149903,"orthographic":true}