{"cameraMode":{"drawMode":0,"name":"Shaded","section":"Shading Mode"},"sceneLighting":false,"audioPlay":false,"sceneViewState":{"showFog":true,"showMaterialUpdate":false,"showSkybox":false,"showFlares":true,"showImageEffects":true,"showParticleSystems":true},"in2DMode":false,"pivot":{"x":-1.0856690406799317,"y":9.12336254119873,"z":-17.599924087524415},"rotation":{"x":0.36694270372390749,"y":-0.02790115773677826,"z":0.011011587455868721,"w":0.9297596216201782},"size":10.0,"orthographic":true}