{"cameraMode":{"drawMode":0,"name":"Shaded","section":"Shading Mode"},"sceneLighting":true,"audioPlay":false,"sceneViewState":{"showFog":true,"showMaterialUpdate":false,"showSkybox":false,"showFlares":true,"showImageEffects":true,"showParticleSystems":true},"in2DMode":false,"pivot":{"x":-0.0918731689453125,"y":1.2074575424194337,"z":-0.03859490156173706},"rotation":{"x":0.36694270372390749,"y":-0.02790115773677826,"z":0.011011587455868721,"w":0.9297596216201782},"size":2.1236820220947267,"orthographic":true}