{"cameraMode":{"drawMode":0,"name":"Shaded","section":"Shading Mode"},"sceneLighting":false,"audioPlay":false,"sceneViewState":{"showFog":true,"showMaterialUpdate":false,"showSkybox":true,"showFlares":true,"showImageEffects":true,"showParticleSystems":true},"in2DMode":false,"pivot":{"x":61.26575469970703,"y":4.630999565124512,"z":369.4220275878906},"rotation":{"x":-0.18886198103427888,"y":-0.7992035150527954,"z":0.31876662373542788,"w":-0.4736084043979645},"size":6.508127212524414,"orthographic":false}