{"cameraMode":{"drawMode":0,"name":"Shaded","section":"Shading Mode"},"sceneLighting":true,"audioPlay":false,"sceneViewState":{"showFog":true,"showMaterialUpdate":false,"showSkybox":true,"showFlares":true,"showImageEffects":true,"showParticleSystems":true},"in2DMode":false,"pivot":{"x":461.5001525878906,"y":256.5,"z":64.81021118164063},"rotation":{"x":0.2067836970090866,"y":-0.12377742677927017,"z":0.02638215757906437,"w":0.9701666235923767},"size":407.42230224609377,"orthographic":false}