{"cameraMode":{"drawMode":0,"name":"Shaded","section":"Shading Mode"},"sceneLighting":true,"audioPlay":false,"sceneViewState":{"showFog":true,"showMaterialUpdate":false,"showSkybox":true,"showFlares":true,"showImageEffects":true,"showParticleSystems":true},"in2DMode":false,"pivot":{"x":60.70469665527344,"y":19.00760841369629,"z":143.60182189941407},"rotation":{"x":0.09112987667322159,"y":-0.07252892106771469,"z":0.006655022036284208,"w":0.9931738376617432},"size":4.802574634552002,"orthographic":false}