{"cameraMode":{"drawMode":0,"name":"Shaded","section":"Shading Mode"},"sceneLighting":true,"audioPlay":false,"sceneViewState":{"showFog":true,"showMaterialUpdate":false,"showSkybox":true,"showFlares":true,"showImageEffects":true,"showParticleSystems":true},"in2DMode":false,"pivot":{"x":103.55500030517578,"y":26.885921478271486,"z":73.90117645263672},"rotation":{"x":0.6500489711761475,"y":-0.04097038134932518,"z":0.03513680770993233,"w":0.7579730749130249},"size":47.09417724609375,"orthographic":false}