{"cameraMode":{"drawMode":0,"name":"Shaded","section":"Shading Mode"},"sceneLighting":true,"audioPlay":false,"sceneViewState":{"showFog":true,"showMaterialUpdate":false,"showSkybox":true,"showFlares":true,"showImageEffects":true,"showParticleSystems":true},"in2DMode":false,"pivot":{"x":40.78960418701172,"y":55.11289978027344,"z":33.84303283691406},"rotation":{"x":0.1651003211736679,"y":0.5254899859428406,"z":-0.10477788001298905,"w":0.8280236721038818},"size":31.128276824951173,"orthographic":false}