{"cameraMode":{"drawMode":0,"name":"Shaded","section":"Shading Mode"},"sceneLighting":true,"audioPlay":false,"sceneViewState":{"showFog":true,"showMaterialUpdate":false,"showSkybox":true,"showFlares":true,"showImageEffects":true,"showParticleSystems":true},"in2DMode":false,"pivot":{"x":67.23486328125,"y":4.805789947509766,"z":363.60504150390627},"rotation":{"x":-0.19405819475650788,"y":0.12090965360403061,"z":-0.02409254014492035,"w":-0.9732447266578674},"size":10.770198822021485,"orthographic":false}