{"cameraMode":{"drawMode":0,"name":"Shaded","section":"Shading Mode"},"sceneLighting":true,"audioPlay":false,"sceneViewState":{"showFog":true,"showMaterialUpdate":false,"showSkybox":true,"showFlares":true,"showImageEffects":true,"showParticleSystems":true},"in2DMode":false,"pivot":{"x":15.725261688232422,"y":-5.631266117095947,"z":27.859533309936525},"rotation":{"x":0.1651003211736679,"y":0.5254899859428406,"z":-0.10477788001298905,"w":0.8280236721038818},"size":11.638609886169434,"orthographic":false}